id,device_id,timestamp,temperature,pressure_mbar,humidity,wind_speed_ms,wind_dir_deg,air_density,status
1,jena_weather_node_01,2026-07-20 21:45:15,14.88,1005.8,75.35,7.43,67.8,1216.51,OK
2,jena_weather_node_01,2026-07-20 21:45:16,3.71,960.41,49.18,6.89,67.8,1208.48,OK
3,jena_weather_node_01,2026-07-20 21:45:17,-3.19,975.41,87.82,1.49,253.6,1258.72,OK
4,jena_weather_node_01,2026-07-20 21:45:18,23.82,989.06,37.38,12.38,342.5,1160.25,OK
5,jena_weather_node_01,2026-07-20 21:45:19,31.48,960.34,71.26,4.48,287.8,1098.23,OK
6,jena_weather_node_01,2026-07-20 21:45:20,10.8,964.72,55.22,7.98,50.4,1183.59,OK
7,jena_weather_node_01,2026-07-20 21:45:21,-0.96,1010.13,45.04,5.11,301.5,1292.85,OK
8,jena_weather_node_01,2026-07-20 21:45:22,-4.62,979.38,38.71,10.68,339.0,1270.58,OK
9,jena_weather_node_01,2026-07-20 21:45:23,15.5,1002.61,83.41,5.93,80.8,1210.05,OK
10,jena_weather_node_01,2026-07-20 21:45:24,26.0,960.15,35.65,2.73,253.3,1118.13,OK
11,jena_weather_node_01,2026-07-20 21:45:25,23.66,963.7,52.6,7.45,174.1,1131.11,OK
12,jena_weather_node_01,2026-07-20 21:45:26,1.34,977.04,65.43,10.94,61.6,1240.02,OK
13,jena_weather_node_01,2026-07-20 21:45:27,14.86,993.41,36.41,2.51,89.6,1201.61,OK
14,jena_weather_node_01,2026-07-20 21:45:28,29.57,971.71,50.22,10.6,57.2,1118.25,OK
15,jena_weather_node_01,2026-07-20 21:45:29,12.59,994.16,81.53,6.53,189.6,1212.07,OK
16,jena_weather_node_01,2026-07-20 21:45:30,-3.46,969.1,89.47,11.27,167.3,1251.83,OK
17,jena_weather_node_01,2026-07-20 21:45:31,17.74,1013.32,84.09,4.36,66.1,1213.56,OK
18,jena_weather_node_01,2026-07-20 21:45:32,-2.75,965.19,96.4,8.29,127.8,1243.51,OK
19,jena_weather_node_01,2026-07-20 21:45:33,22.41,998.1,43.02,5.6,351.2,1176.44,OK
20,jena_weather_node_01,2026-07-20 21:45:34,26.81,1001.92,63.75,3.85,133.7,1163.62,OK
21,jena_weather_node_01,2026-07-20 21:45:35,15.05,984.89,35.76,2.73,198.5,1190.52,OK
22,jena_weather_node_01,2026-07-20 21:45:36,5.41,987.01,86.77,0.6,342.3,1234.37,OK
23,jena_weather_node_01,2026-07-20 21:45:37,2.75,1014.69,73.83,8.09,267.0,1281.22,OK
24,jena_weather_node_01,2026-07-20 21:45:38,28.81,995.52,97.7,3.9,148.7,1148.53,OK
25,jena_weather_node_01,2026-07-20 21:45:39,21.35,992.26,71.46,11.45,4.0,1173.77,OK
26,jena_weather_node_01,2026-07-20 21:45:40,16.05,1005.44,90.51,4.92,42.7,1211.16,OK
27,jena_weather_node_01,2026-07-20 21:45:41,-18.99,991.22,51.22,24.0,181.9,1358.64,SEVERE_WEATHER
28,jena_weather_node_01,2026-07-20 21:45:42,24.23,986.72,70.42,6.93,134.4,1155.91,OK
29,jena_weather_node_01,2026-07-20 21:45:43,23.63,1000.93,83.65,6.28,57.1,1174.93,OK
30,jena_weather_node_01,2026-07-20 21:45:44,23.42,983.5,70.86,10.26,184.0,1155.29,OK
31,jena_weather_node_01,2026-07-20 21:45:45,22.73,1009.55,86.93,4.62,184.9,1188.65,OK
32,jena_weather_node_01,2026-07-20 21:45:46,15.97,1000.86,41.09,1.25,121.1,1205.97,OK
33,jena_weather_node_01,2026-07-20 21:45:47,22.51,994.13,50.35,0.75,77.0,1171.37,OK
34,jena_weather_node_01,2026-07-20 21:45:48,0.71,994.44,51.63,11.0,316.6,1265.01,OK
35,jena_weather_node_01,2026-07-20 21:45:49,4.88,990.98,57.57,5.52,292.5,1241.7,OK
36,jena_weather_node_01,2026-07-20 21:45:50,1.6,991.13,90.68,11.36,194.8,1256.71,OK
37,jena_weather_node_01,2026-07-20 21:45:51,-4.29,997.31,69.18,6.13,111.3,1292.25,OK
38,jena_weather_node_01,2026-07-20 21:45:52,9.4,990.31,50.07,1.46,250.8,1221.01,OK
39,jena_weather_node_01,2026-07-20 21:45:53,13.14,995.29,74.87,1.61,7.5,1211.12,OK
40,jena_weather_node_01,2026-07-20 21:45:54,11.18,990.24,78.26,2.49,88.5,1213.28,OK
41,jena_weather_node_01,2026-07-20 21:45:55,31.84,960.91,74.03,10.07,79.1,1097.59,OK
42,jena_weather_node_01,2026-07-20 21:45:56,24.0,966.92,93.07,11.68,342.3,1133.59,OK
43,jena_weather_node_01,2026-07-20 21:45:57,8.38,987.39,84.8,6.95,351.7,1221.82,OK
44,jena_weather_node_01,2026-07-20 21:45:58,15.86,962.71,93.96,6.33,141.6,1160.45,OK
45,jena_weather_node_01,2026-07-20 21:45:59,15.24,982.15,56.79,7.59,312.7,1186.42,OK
46,jena_weather_node_01,2026-07-20 21:46:02,0.33,972.47,42.07,7.5,112.9,1238.78,OK
47,jena_weather_node_01,2026-07-20 21:46:04,-18.12,973.04,57.78,27.7,339.7,1329.17,SEVERE_WEATHER
48,jena_weather_node_01,2026-07-20 21:46:05,31.48,988.51,57.97,3.61,325.7,1130.45,OK
49,jena_weather_node_01,2026-07-20 21:46:06,13.9,960.78,77.42,11.85,112.0,1166.03,OK
50,jena_weather_node_01,2026-07-20 21:46:07,1.32,1011.06,62.4,11.52,207.3,1283.29,OK
51,jena_weather_node_01,2026-07-20 21:46:08,-20.12,1011.85,88.03,24.33,56.0,1393.11,SEVERE_WEATHER
52,jena_weather_node_01,2026-07-20 21:46:09,12.32,988.35,87.19,11.72,40.8,1206.13,OK
53,jena_weather_node_01,2026-07-20 21:46:10,-18.95,1003.05,88.24,24.6,310.8,1374.64,SEVERE_WEATHER
54,jena_weather_node_01,2026-07-20 21:46:11,24.39,983.45,38.63,5.42,144.3,1151.46,OK
55,jena_weather_node_01,2026-07-20 21:46:12,13.91,1011.06,81.56,2.25,140.3,1227.01,OK
56,jena_weather_node_01,2026-07-20 21:46:13,-0.24,972.67,62.7,1.61,51.1,1241.62,OK
57,jena_weather_node_01,2026-07-20 21:46:14,23.74,1007.29,84.37,0.54,81.8,1181.96,OK
58,jena_weather_node_01,2026-07-20 21:46:15,-1.14,973.9,70.18,3.44,328.7,1247.3,OK
59,jena_weather_node_01,2026-07-20 21:46:16,6.3,969.43,55.53,5.35,261.0,1208.52,OK
60,jena_weather_node_01,2026-07-20 21:46:17,22.1,988.29,36.25,10.2,358.1,1166.1,OK
61,jena_weather_node_01,2026-07-20 21:46:18,22.43,1012.08,80.14,6.39,130.1,1192.84,OK
62,jena_weather_node_01,2026-07-20 21:46:19,11.81,997.01,51.46,10.57,211.7,1218.87,OK
63,jena_weather_node_01,2026-07-20 21:46:20,29.08,965.6,53.56,3.07,277.0,1113.02,OK
64,jena_weather_node_01,2026-07-20 21:46:21,18.22,997.28,92.49,1.92,162.8,1192.38,OK
65,jena_weather_node_01,2026-07-20 21:46:22,10.2,999.75,86.51,6.49,53.3,1229.17,OK
66,jena_weather_node_01,2026-07-20 21:46:23,18.3,995.96,67.58,10.63,196.5,1190.48,OK
67,jena_weather_node_01,2026-07-20 21:46:24,21.12,1003.51,88.03,0.3,75.9,1188.0,OK
68,jena_weather_node_01,2026-07-20 21:46:25,4.13,984.48,36.69,4.05,286.0,1236.89,OK
69,jena_weather_node_01,2026-07-20 21:46:26,1.81,1009.49,85.13,3.17,342.0,1279.01,OK
70,jena_weather_node_01,2026-07-20 21:46:27,14.57,980.7,88.15,8.22,87.7,1187.43,OK
71,jena_weather_node_01,2026-07-20 21:46:28,-4.26,1007.2,69.03,10.09,348.0,1304.92,OK
72,jena_weather_node_01,2026-07-20 21:46:29,0.24,970.52,46.64,9.36,233.1,1236.7,OK
73,jena_weather_node_01,2026-07-20 21:46:30,17.2,1006.44,73.73,3.82,189.6,1207.56,OK
74,jena_weather_node_01,2026-07-20 21:46:31,25.92,968.86,64.54,5.4,17.2,1128.58,OK
75,jena_weather_node_01,2026-07-20 21:46:32,9.76,1014.25,94.31,7.47,157.8,1248.93,OK
76,jena_weather_node_01,2026-07-20 21:46:33,22.36,1012.54,54.73,5.12,300.1,1193.66,OK
77,jena_weather_node_01,2026-07-20 21:46:34,-2.69,1012.31,91.49,5.44,80.9,1303.93,OK
78,jena_weather_node_01,2026-07-20 21:46:35,29.8,1005.07,93.55,6.82,239.3,1155.76,OK
79,jena_weather_node_01,2026-07-20 21:46:36,11.1,968.32,45.48,6.02,82.0,1186.75,OK
80,jena_weather_node_01,2026-07-20 21:46:37,29.82,967.4,86.75,10.56,358.6,1112.37,OK
81,jena_weather_node_01,2026-07-20 21:46:38,24.51,980.48,86.89,0.98,18.0,1147.52,OK
82,jena_weather_node_01,2026-07-20 21:46:39,30.0,1001.02,64.98,12.13,271.1,1150.34,OK
83,jena_weather_node_01,2026-07-20 21:46:40,5.71,979.41,84.07,7.15,280.7,1223.55,OK
84,jena_weather_node_01,2026-07-20 21:46:41,11.22,971.35,95.78,1.0,230.7,1189.97,OK
85,jena_weather_node_01,2026-07-20 21:46:42,31.07,984.1,67.04,3.11,266.8,1126.92,OK
86,jena_weather_node_01,2026-07-20 21:46:43,25.42,971.12,65.98,6.58,291.5,1133.1,OK
87,jena_weather_node_01,2026-07-20 21:46:44,0.27,978.85,68.32,1.8,194.2,1247.18,OK
88,jena_weather_node_01,2026-07-20 21:46:45,10.56,984.85,87.73,2.59,104.4,1209.31,OK
89,jena_weather_node_01,2026-07-20 21:46:46,7.27,995.83,93.72,6.89,191.6,1237.14,OK
90,jena_weather_node_01,2026-07-20 21:46:47,-0.36,991.26,35.86,1.53,65.4,1265.91,OK
91,jena_weather_node_01,2026-07-20 21:46:48,24.74,971.23,46.21,9.24,105.5,1135.82,OK
92,jena_weather_node_01,2026-07-20 21:46:49,-3.71,1004.01,78.18,1.05,81.5,1298.13,OK
93,jena_weather_node_01,2026-07-20 21:46:50,30.59,966.19,75.17,10.47,165.9,1108.16,OK
94,jena_weather_node_01,2026-07-20 21:46:51,12.49,997.37,58.8,11.68,197.5,1216.41,OK
95,jena_weather_node_01,2026-07-20 21:46:52,3.31,990.12,85.96,11.66,159.8,1247.66,OK
96,jena_weather_node_01,2026-07-20 21:46:53,25.41,991.02,72.39,7.14,87.7,1156.36,OK
97,jena_weather_node_01,2026-07-20 21:46:54,-4.7,975.8,51.93,4.96,2.6,1266.31,OK
98,jena_weather_node_01,2026-07-20 21:46:56,14.62,969.8,80.99,10.9,192.9,1174.03,OK
99,jena_weather_node_01,2026-07-20 21:46:57,15.85,982.64,91.63,10.13,296.2,1184.51,OK
100,jena_weather_node_01,2026-07-20 21:46:58,18.08,1010.77,66.81,2.24,162.4,1209.09,OK
101,jena_weather_node_01,2026-07-20 21:46:59,19.68,1013.99,38.06,0.86,327.0,1206.31,OK
102,jena_weather_node_01,2026-07-20 21:47:00,-2.9,975.37,59.44,7.83,65.7,1257.32,OK
103,jena_weather_node_01,2026-07-20 21:47:01,0.66,963.12,42.08,7.88,336.0,1225.39,OK
104,jena_weather_node_01,2026-07-20 21:47:02,22.01,1006.79,62.17,3.86,63.1,1188.29,OK
105,jena_weather_node_01,2026-07-20 21:47:03,4.73,1002.55,89.05,10.74,330.7,1256.87,OK
106,jena_weather_node_01,2026-07-20 21:47:04,8.95,985.25,70.18,2.28,56.4,1216.71,OK
107,jena_weather_node_01,2026-07-20 21:47:05,8.68,1012.8,74.43,0.38,20.3,1251.93,OK
108,jena_weather_node_01,2026-07-20 21:47:06,12.32,1001.71,85.16,7.47,4.7,1222.43,OK
109,jena_weather_node_01,2026-07-20 21:47:07,-0.26,1007.18,49.52,9.84,300.3,1285.77,OK
110,jena_weather_node_01,2026-07-20 21:47:08,22.14,962.04,57.12,6.66,297.4,1134.98,OK
111,jena_weather_node_01,2026-07-20 21:47:09,20.5,993.4,80.84,9.41,149.4,1178.52,OK
112,jena_weather_node_01,2026-07-20 21:47:10,11.06,964.58,80.87,6.25,123.1,1182.34,OK
113,jena_weather_node_01,2026-07-20 21:47:11,26.81,963.59,43.04,10.75,200.6,1119.11,OK
114,jena_weather_node_01,2026-07-20 21:47:12,17.32,981.41,68.31,6.43,64.4,1177.04,OK
115,jena_weather_node_01,2026-07-20 21:47:13,31.32,987.54,37.08,11.84,27.7,1129.93,OK
116,jena_weather_node_01,2026-07-20 21:47:14,26.93,1003.03,55.45,1.73,72.5,1164.45,OK
117,jena_weather_node_01,2026-07-20 21:47:15,25.88,1014.13,77.55,5.37,342.4,1181.47,OK
118,jena_weather_node_01,2026-07-20 21:47:16,-0.95,969.85,92.76,11.4,136.8,1241.25,OK
119,jena_weather_node_01,2026-07-20 21:47:17,4.13,1011.29,51.47,5.42,120.6,1270.57,OK
120,jena_weather_node_01,2026-07-20 21:47:18,28.18,994.59,54.67,6.37,5.4,1149.86,OK
121,jena_weather_node_01,2026-07-20 21:47:19,-21.25,968.06,38.2,27.0,153.0,1338.8,SEVERE_WEATHER
122,jena_weather_node_01,2026-07-20 21:47:20,6.22,996.24,48.81,11.47,254.5,1242.3,OK
123,jena_weather_node_01,2026-07-20 21:47:21,5.22,1014.01,88.65,8.89,300.7,1269.0,OK
124,jena_weather_node_01,2026-07-20 21:47:22,24.87,991.94,79.1,7.27,254.0,1159.53,OK
125,jena_weather_node_01,2026-07-20 21:47:23,14.8,984.64,67.78,3.89,325.5,1191.25,OK
126,jena_weather_node_01,2026-07-20 21:47:24,28.6,1010.95,81.26,9.95,261.0,1167.15,OK
127,jena_weather_node_01,2026-07-20 21:47:26,2.92,1008.92,59.16,1.92,225.5,1273.15,OK
128,jena_weather_node_01,2026-07-20 21:47:27,20.95,962.19,41.62,4.43,42.1,1139.75,OK
129,jena_weather_node_01,2026-07-20 21:47:28,4.18,1005.64,47.96,10.93,206.3,1263.25,OK
130,jena_weather_node_01,2026-07-20 21:47:29,3.92,961.23,36.55,11.88,163.9,1208.59,OK
131,jena_weather_node_01,2026-07-20 21:47:30,17.84,992.31,49.4,2.82,207.0,1187.99,OK
132,jena_weather_node_01,2026-07-20 21:47:31,5.99,1003.17,73.38,8.87,263.2,1251.97,OK
133,jena_weather_node_01,2026-07-20 21:47:32,12.63,979.91,62.07,10.69,197.3,1194.53,OK
134,jena_weather_node_01,2026-07-20 21:47:33,20.27,1009.06,97.7,8.6,101.0,1198.04,OK
135,jena_weather_node_01,2026-07-20 21:47:34,24.89,992.18,53.99,5.56,183.4,1159.73,OK
136,jena_weather_node_01,2026-07-20 21:47:35,3.6,993.22,40.6,2.61,349.0,1250.26,OK
137,jena_weather_node_01,2026-07-20 21:47:36,3.5,1003.19,59.38,7.99,167.3,1263.27,OK
138,jena_weather_node_01,2026-07-20 21:47:37,-1.81,1000.79,51.44,0.96,96.4,1284.91,OK
139,jena_weather_node_01,2026-07-20 21:47:38,21.98,975.64,59.96,0.79,351.9,1151.65,OK
140,jena_weather_node_01,2026-07-20 21:47:39,7.34,1001.77,59.48,1.67,83.8,1244.21,OK
141,jena_weather_node_01,2026-07-20 21:47:40,17.36,990.03,52.74,11.35,262.2,1187.22,OK
142,jena_weather_node_01,2026-07-20 21:47:41,31.35,967.92,59.51,11.92,207.9,1107.37,OK
143,jena_weather_node_01,2026-07-20 21:47:42,-1.95,972.32,63.96,8.47,266.7,1249.0,OK
144,jena_weather_node_01,2026-07-20 21:47:43,17.13,993.25,40.16,6.22,30.9,1192.02,OK
145,jena_weather_node_01,2026-07-20 21:47:44,-18.61,995.66,71.45,22.4,119.5,1362.69,SEVERE_WEATHER
146,jena_weather_node_01,2026-07-20 21:47:45,9.13,973.79,50.98,10.95,146.6,1201.79,OK
147,jena_weather_node_01,2026-07-20 21:47:46,3.45,979.77,66.67,11.89,322.2,1234.0,OK
148,jena_weather_node_01,2026-07-20 21:47:47,8.54,1008.11,44.73,8.17,127.2,1246.75,OK
149,jena_weather_node_01,2026-07-20 21:47:48,23.85,982.86,59.0,2.4,214.3,1152.86,OK
150,jena_weather_node_01,2026-07-20 21:47:49,10.95,999.23,93.73,4.01,116.1,1225.28,OK
151,jena_weather_node_01,2026-07-20 21:47:50,14.13,977.14,92.47,7.48,327.6,1184.93,OK
152,jena_weather_node_01,2026-07-20 21:47:51,0.24,977.27,93.21,12.47,132.5,1245.3,OK
153,jena_weather_node_01,2026-07-20 21:47:52,7.52,970.17,39.05,2.88,245.1,1204.19,OK
154,jena_weather_node_01,2026-07-20 21:47:53,10.12,971.75,66.04,11.12,274.0,1195.08,OK
155,jena_weather_node_01,2026-07-20 21:47:54,22.6,997.71,76.79,4.93,228.2,1175.23,OK
156,jena_weather_node_01,2026-07-20 21:47:55,22.7,1012.6,43.18,9.77,308.4,1192.36,OK
157,jena_weather_node_01,2026-07-20 21:47:56,11.01,1009.86,85.18,8.63,349.6,1238.06,OK
158,jena_weather_node_01,2026-07-20 21:47:57,30.94,976.7,40.48,1.46,190.1,1118.93,OK
159,jena_weather_node_01,2026-07-20 21:47:58,28.81,1012.63,54.45,1.28,233.1,1168.27,OK
160,jena_weather_node_01,2026-07-20 21:47:59,-4.7,984.26,43.77,11.65,156.5,1277.29,OK
161,jena_weather_node_01,2026-07-20 21:48:00,28.59,1013.5,38.89,10.88,117.7,1170.13,OK
162,jena_weather_node_01,2026-07-20 21:48:02,24.54,993.75,37.12,3.07,28.1,1162.93,OK
163,jena_weather_node_01,2026-07-20 21:48:03,7.53,964.98,53.93,2.65,106.5,1197.7,OK
164,jena_weather_node_01,2026-07-20 21:48:04,9.45,994.94,61.8,3.77,8.8,1226.5,OK
165,jena_weather_node_01,2026-07-20 21:48:05,30.24,963.69,64.03,9.73,310.3,1106.57,OK
166,jena_weather_node_01,2026-07-20 21:48:06,-21.07,998.75,52.29,27.31,149.1,1380.26,SEVERE_WEATHER
167,jena_weather_node_01,2026-07-20 21:48:07,29.07,961.45,86.25,6.09,250.6,1108.27,OK
168,jena_weather_node_01,2026-07-20 21:48:08,6.28,984.99,90.6,11.39,104.4,1228.01,OK
169,jena_weather_node_01,2026-07-20 21:48:09,27.7,960.38,56.81,12.15,26.3,1112.08,OK
170,jena_weather_node_01,2026-07-20 21:48:10,31.5,1008.11,45.44,9.64,218.3,1152.79,OK
171,jena_weather_node_01,2026-07-20 21:48:11,29.0,1005.69,92.52,4.16,358.4,1159.54,OK
172,jena_weather_node_01,2026-07-20 21:48:12,5.27,993.29,70.87,2.02,330.2,1242.85,OK
173,jena_weather_node_01,2026-07-20 21:48:13,3.19,969.09,49.28,1.56,81.6,1221.7,OK
174,jena_weather_node_01,2026-07-20 21:48:14,-0.16,998.07,89.7,4.69,251.4,1273.67,OK
175,jena_weather_node_01,2026-07-20 21:48:15,27.37,1008.46,46.11,1.22,21.5,1169.04,OK
176,jena_weather_node_01,2026-07-20 21:48:16,11.51,984.97,87.41,6.04,18.3,1205.42,OK
177,jena_weather_node_01,2026-07-20 21:48:17,21.55,981.66,58.81,12.05,310.2,1160.44,OK
178,jena_weather_node_01,2026-07-20 21:48:18,16.3,962.53,66.42,4.5,75.1,1158.47,OK
179,jena_weather_node_01,2026-07-20 21:48:19,10.1,1010.74,50.91,9.85,14.1,1243.12,OK
180,jena_weather_node_01,2026-07-20 21:48:20,-2.74,968.26,85.24,5.97,261.7,1247.42,OK
181,jena_weather_node_01,2026-07-20 21:48:21,16.08,972.62,80.71,3.08,135.7,1171.5,OK
182,jena_weather_node_01,2026-07-20 21:48:22,22.49,1008.51,41.19,10.03,47.1,1188.39,OK
183,jena_weather_node_01,2026-07-20 21:48:23,31.72,970.27,74.31,2.33,173.6,1108.72,OK
184,jena_weather_node_01,2026-07-20 21:48:24,15.42,972.62,97.51,2.46,285.5,1174.18,OK
185,jena_weather_node_01,2026-07-20 21:48:25,2.5,1001.66,60.33,2.82,79.2,1265.92,OK
186,jena_weather_node_01,2026-07-20 21:48:26,15.44,966.66,93.02,10.39,226.4,1166.9,OK
187,jena_weather_node_01,2026-07-20 21:48:27,-0.23,1009.92,53.7,7.46,296.9,1289.12,OK
188,jena_weather_node_01,2026-07-20 21:48:28,3.47,1014.91,36.64,11.63,68.0,1278.16,OK
189,jena_weather_node_01,2026-07-20 21:48:29,12.52,985.43,61.14,0.53,130.6,1201.72,OK
190,jena_weather_node_01,2026-07-20 21:48:30,19.95,973.27,72.96,3.22,163.1,1156.8,OK
191,jena_weather_node_01,2026-07-20 21:48:31,22.73,1012.09,37.91,4.74,359.6,1191.64,OK
192,jena_weather_node_01,2026-07-20 21:48:33,5.7,982.58,61.37,11.81,202.9,1227.55,OK
193,jena_weather_node_01,2026-07-20 21:48:34,21.72,975.76,61.56,4.67,88.6,1152.8,OK
194,jena_weather_node_01,2026-07-20 21:48:35,-22.0,997.97,75.86,26.09,168.2,1384.29,SEVERE_WEATHER
195,jena_weather_node_01,2026-07-20 21:48:36,13.63,1014.91,36.96,9.01,334.9,1232.88,OK
196,jena_weather_node_01,2026-07-20 21:48:37,-0.06,1008.21,85.44,9.63,138.3,1286.14,OK
197,jena_weather_node_01,2026-07-20 21:48:38,28.81,960.5,67.83,9.72,89.3,1108.13,OK
198,jena_weather_node_01,2026-07-20 21:48:39,1.16,970.92,86.75,3.43,17.5,1233.06,OK
199,jena_weather_node_01,2026-07-20 21:48:40,-3.76,963.61,80.54,11.01,213.1,1246.13,OK
200,jena_weather_node_01,2026-07-20 21:48:41,15.47,978.08,57.57,2.87,234.0,1180.57,OK
201,jena_weather_node_01,2026-07-20 21:48:42,13.15,1009.47,87.26,10.24,332.9,1228.33,OK
202,jena_weather_node_01,2026-07-20 21:48:43,-4.5,1010.4,80.97,3.03,75.5,1310.23,OK
203,jena_weather_node_01,2026-07-20 21:48:44,24.69,966.07,61.13,2.62,150.9,1129.97,OK
204,jena_weather_node_01,2026-07-20 21:48:45,10.93,988.29,58.8,6.97,269.0,1211.95,OK
205,jena_weather_node_01,2026-07-20 21:48:46,25.39,1001.36,66.59,10.26,236.8,1168.5,OK
206,jena_weather_node_01,2026-07-20 21:48:47,0.17,973.63,91.75,11.15,44.1,1240.98,OK
207,jena_weather_node_01,2026-07-20 21:48:48,17.44,986.03,85.86,5.57,222.2,1182.09,OK
208,jena_weather_node_01,2026-07-20 21:48:49,23.33,997.62,40.96,7.99,93.6,1172.23,OK
209,jena_weather_node_01,2026-07-20 21:48:50,4.87,989.2,53.98,9.46,156.7,1239.51,OK
210,jena_weather_node_01,2026-07-20 21:48:52,2.72,986.01,71.01,3.57,284.9,1245.14,OK
211,jena_weather_node_01,2026-07-20 21:48:53,26.16,974.03,75.65,11.3,21.6,1133.69,OK
212,jena_weather_node_01,2026-07-20 21:48:54,15.96,979.35,49.15,2.17,125.0,1180.1,OK
213,jena_weather_node_01,2026-07-20 21:48:55,8.32,980.54,68.22,7.36,22.3,1213.6,OK
214,jena_weather_node_01,2026-07-20 21:48:56,12.84,1002.01,79.18,6.92,258.4,1220.57,OK
215,jena_weather_node_01,2026-07-20 21:48:57,27.79,1006.52,82.05,6.66,126.9,1165.16,OK
216,jena_weather_node_01,2026-07-20 21:48:58,29.06,971.2,89.87,2.64,324.4,1119.55,OK
217,jena_weather_node_01,2026-07-20 21:48:59,3.88,967.71,96.19,8.44,71.2,1216.92,OK
218,jena_weather_node_01,2026-07-20 21:49:00,-21.43,984.38,91.49,23.22,104.4,1362.35,SEVERE_WEATHER
219,jena_weather_node_01,2026-07-20 21:49:01,6.13,968.83,89.27,10.52,193.0,1208.51,OK
220,jena_weather_node_01,2026-07-20 21:49:02,11.74,1014.61,75.39,8.42,297.3,1240.69,OK
221,jena_weather_node_01,2026-07-20 21:49:03,16.29,964.73,79.0,9.24,134.0,1161.15,OK
222,jena_weather_node_01,2026-07-20 21:49:04,-4.94,986.4,75.69,12.15,79.7,1281.21,OK
223,jena_weather_node_01,2026-07-20 21:49:05,24.66,993.99,44.8,11.54,259.3,1162.75,OK
224,jena_weather_node_01,2026-07-20 21:49:06,19.3,975.66,43.36,0.64,227.9,1162.22,OK
225,jena_weather_node_01,2026-07-20 21:49:07,3.02,964.84,48.11,10.85,174.1,1217.09,OK
226,jena_weather_node_01,2026-07-20 21:49:08,-1.11,970.67,95.78,5.78,279.0,1243.03,OK
227,jena_weather_node_01,2026-07-20 21:49:09,13.92,1012.01,71.4,6.42,345.5,1228.12,OK
228,jena_weather_node_01,2026-07-20 21:49:10,14.81,971.53,86.69,6.75,19.4,1175.35,OK
229,jena_weather_node_01,2026-07-20 21:49:11,25.72,989.12,48.19,8.02,169.6,1152.95,OK
230,jena_weather_node_01,2026-07-20 21:49:12,14.6,961.42,72.94,8.12,66.1,1163.97,OK
231,jena_weather_node_01,2026-07-20 21:49:13,19.4,1012.43,42.41,0.71,176.1,1205.61,OK
232,jena_weather_node_01,2026-07-20 21:49:14,3.92,979.46,45.44,5.49,98.7,1231.51,OK
233,jena_weather_node_01,2026-07-20 21:49:15,14.96,1002.7,65.11,3.79,9.8,1212.43,OK
234,jena_weather_node_01,2026-07-20 21:49:16,2.18,987.2,72.77,6.53,146.3,1249.09,OK
235,jena_weather_node_01,2026-07-20 21:49:17,0.16,970.55,51.15,1.34,156.0,1237.1,OK
236,jena_weather_node_01,2026-07-20 21:49:18,-0.59,1013.71,78.49,1.2,328.5,1295.67,OK
237,jena_weather_node_01,2026-07-20 21:49:19,21.66,986.51,63.07,12.4,51.9,1165.74,OK
238,jena_weather_node_01,2026-07-20 21:49:20,19.26,967.38,46.72,1.71,222.4,1152.52,OK
239,jena_weather_node_01,2026-07-20 21:49:21,24.52,1012.68,62.23,5.01,161.7,1185.17,OK
240,jena_weather_node_01,2026-07-20 21:49:22,9.2,988.28,69.04,4.38,155.0,1219.37,OK
241,jena_weather_node_01,2026-07-20 21:49:23,22.39,1005.01,68.42,4.29,237.6,1184.67,OK
242,jena_weather_node_01,2026-07-20 21:49:24,23.81,964.89,40.04,4.83,142.3,1131.94,OK
243,jena_weather_node_01,2026-07-20 21:49:25,19.88,976.67,92.39,10.34,107.9,1161.12,OK
244,jena_weather_node_01,2026-07-20 21:49:26,18.11,970.09,61.05,11.21,203.6,1160.31,OK
245,jena_weather_node_01,2026-07-20 21:49:27,31.2,960.83,57.15,1.04,131.0,1099.81,OK
246,jena_weather_node_01,2026-07-20 21:49:28,22.77,969.65,67.31,11.18,182.1,1141.52,OK
247,jena_weather_node_01,2026-07-20 21:49:29,11.66,999.0,38.64,5.93,334.8,1221.95,OK
248,jena_weather_node_01,2026-07-20 21:49:30,6.0,989.06,84.02,9.28,178.0,1234.32,OK
249,jena_weather_node_01,2026-07-20 21:49:31,-3.65,1006.45,71.38,0.5,166.9,1301.0,OK
250,jena_weather_node_01,2026-07-20 21:49:34,30.37,1014.19,79.59,6.96,325.6,1164.06,OK
251,jena_weather_node_01,2026-07-20 21:49:35,24.71,1009.0,77.32,10.27,315.1,1180.11,OK
252,jena_weather_node_01,2026-07-20 21:49:36,23.99,971.03,70.24,12.35,164.2,1138.45,OK
253,jena_weather_node_01,2026-07-20 21:49:37,19.46,1009.32,52.16,5.0,102.7,1201.66,OK
254,jena_weather_node_01,2026-07-20 21:49:38,29.07,976.2,79.0,9.19,306.0,1125.27,OK
255,jena_weather_node_01,2026-07-20 21:49:39,19.04,974.95,50.17,10.69,104.6,1162.41,OK
256,jena_weather_node_01,2026-07-20 21:49:40,-3.08,977.17,78.45,6.35,37.6,1260.48,OK
257,jena_weather_node_01,2026-07-20 21:49:41,0.73,997.97,53.9,11.99,100.4,1269.4,OK
258,jena_weather_node_01,2026-07-20 21:49:42,30.94,992.09,73.27,8.03,135.9,1136.56,OK
259,jena_weather_node_01,2026-07-20 21:49:43,0.63,974.32,59.39,6.25,254.6,1239.77,OK
260,jena_weather_node_01,2026-07-20 21:49:44,19.42,968.9,96.23,2.62,121.1,1153.7,OK
261,jena_weather_node_01,2026-07-20 21:49:45,8.62,992.75,37.86,8.93,273.1,1227.4,OK
262,jena_weather_node_01,2026-07-20 21:49:46,1.56,988.14,81.26,1.99,329.9,1253.1,OK
263,jena_weather_node_01,2026-07-20 21:49:47,7.51,996.09,49.18,8.08,87.1,1236.4,OK
264,jena_weather_node_01,2026-07-20 21:49:48,10.17,977.5,64.44,5.23,328.6,1201.94,OK
265,jena_weather_node_01,2026-07-20 21:49:49,13.01,1007.31,55.18,12.21,108.5,1226.3,OK
266,jena_weather_node_01,2026-07-20 21:49:51,13.09,995.48,62.96,3.51,198.1,1211.56,OK
267,jena_weather_node_01,2026-07-20 21:49:52,14.95,995.57,79.28,9.68,213.0,1203.85,OK
268,jena_weather_node_01,2026-07-20 21:49:53,0.52,997.99,84.98,2.72,25.8,1270.4,OK
269,jena_weather_node_01,2026-07-20 21:49:54,18.76,971.54,90.98,9.04,290.6,1159.46,OK
270,jena_weather_node_01,2026-07-20 21:49:55,-21.48,994.51,93.32,27.61,39.8,1376.64,SEVERE_WEATHER
271,jena_weather_node_01,2026-07-20 21:49:56,2.2,963.62,75.21,10.15,159.2,1219.17,OK
272,jena_weather_node_01,2026-07-20 21:49:57,12.38,970.78,57.64,3.49,258.8,1184.44,OK
273,jena_weather_node_01,2026-07-20 21:49:58,16.46,1006.84,89.95,8.24,39.8,1211.13,OK
274,jena_weather_node_01,2026-07-20 21:49:59,14.8,973.51,35.01,9.72,70.9,1177.78,OK
275,jena_weather_node_01,2026-07-20 21:50:00,14.08,973.01,65.31,4.05,222.1,1180.13,OK
276,jena_weather_node_01,2026-07-20 21:50:01,1.98,1003.25,59.88,4.42,153.7,1270.32,OK
277,jena_weather_node_01,2026-07-20 21:50:02,-1.36,996.42,68.19,8.36,322.3,1277.18,OK
278,jena_weather_node_01,2026-07-20 21:50:03,21.68,972.08,95.29,0.51,344.0,1148.61,OK
279,jena_weather_node_01,2026-07-20 21:50:04,19.79,1007.99,67.63,12.04,157.2,1198.73,OK
280,jena_weather_node_01,2026-07-20 21:50:05,0.9,969.98,59.99,2.63,268.8,1233.04,OK
281,jena_weather_node_01,2026-07-20 21:50:06,18.64,1000.19,52.75,9.6,344.2,1194.14,OK
282,jena_weather_node_01,2026-07-20 21:50:07,3.65,982.04,52.44,5.18,38.3,1235.96,OK
283,jena_weather_node_01,2026-07-20 21:50:08,0.36,967.0,51.53,8.31,95.0,1231.67,OK
284,jena_weather_node_01,2026-07-20 21:50:09,11.81,1013.53,81.8,2.27,77.9,1239.07,OK
285,jena_weather_node_01,2026-07-20 21:50:10,23.4,975.7,93.33,4.26,65.2,1146.2,OK
286,jena_weather_node_01,2026-07-20 21:50:11,11.27,1009.27,89.67,7.76,216.5,1236.2,OK
287,jena_weather_node_01,2026-07-20 21:50:12,30.88,981.28,79.45,2.27,255.6,1124.4,OK
288,jena_weather_node_01,2026-07-20 21:50:13,22.08,1010.62,75.72,10.6,322.1,1192.53,OK
289,jena_weather_node_01,2026-07-20 21:50:14,21.08,968.85,37.54,3.81,37.2,1147.13,OK
290,jena_weather_node_01,2026-07-20 21:50:15,27.67,962.28,91.01,10.6,304.2,1114.39,OK
291,jena_weather_node_01,2026-07-20 21:50:16,11.02,983.71,64.59,7.58,259.0,1205.96,OK
292,jena_weather_node_01,2026-07-20 21:50:17,-1.45,995.65,39.68,10.41,317.4,1276.61,OK
293,jena_weather_node_01,2026-07-20 21:50:18,3.29,997.41,36.76,4.95,228.9,1256.94,OK
294,jena_weather_node_01,2026-07-20 21:50:19,11.39,961.9,95.44,6.9,202.1,1177.68,OK
295,jena_weather_node_01,2026-07-20 21:50:20,11.85,1006.24,68.59,11.52,72.1,1229.98,OK
296,jena_weather_node_01,2026-07-20 21:50:21,26.86,964.55,50.21,7.41,318.0,1120.03,OK
297,jena_weather_node_01,2026-07-20 21:50:22,9.14,987.84,90.35,3.6,198.8,1219.08,OK
298,jena_weather_node_01,2026-07-20 21:50:23,29.35,963.02,89.35,7.43,336.9,1109.05,OK
299,jena_weather_node_01,2026-07-20 21:50:24,30.72,966.85,51.14,0.55,92.1,1108.44,OK
300,jena_weather_node_01,2026-07-20 21:50:25,6.77,1001.47,55.21,6.12,217.9,1246.37,OK
301,jena_weather_node_01,2026-07-20 21:50:26,26.89,969.56,58.89,1.04,134.9,1125.74,OK
302,jena_weather_node_01,2026-07-20 21:50:27,-19.04,969.64,75.26,25.06,60.8,1329.33,SEVERE_WEATHER
303,jena_weather_node_01,2026-07-20 21:50:28,18.32,974.03,80.26,12.14,274.8,1164.18,OK
304,jena_weather_node_01,2026-07-20 21:50:29,-4.38,1000.29,92.55,4.92,69.9,1296.54,OK
305,jena_weather_node_01,2026-07-20 21:50:30,8.07,978.26,47.26,8.35,159.5,1211.85,OK
306,jena_weather_node_01,2026-07-20 21:50:32,24.96,961.18,82.39,0.45,73.0,1123.24,OK
307,jena_weather_node_01,2026-07-20 21:50:33,23.77,1008.36,89.26,6.44,124.9,1183.09,OK
308,jena_weather_node_01,2026-07-20 21:50:34,23.19,1009.97,55.86,8.72,136.8,1187.3,OK
309,jena_weather_node_01,2026-07-20 21:50:35,1.31,983.08,62.66,11.27,207.3,1247.82,OK
310,jena_weather_node_01,2026-07-20 21:50:36,29.82,970.13,90.8,7.18,211.0,1115.51,OK
311,jena_weather_node_01,2026-07-20 21:50:37,23.05,968.29,90.83,11.18,283.1,1138.84,OK
312,jena_weather_node_01,2026-07-20 21:50:38,2.34,972.97,97.29,2.28,267.6,1230.37,OK
313,jena_weather_node_01,2026-07-20 21:50:39,5.29,985.59,74.5,0.29,79.0,1233.13,OK
314,jena_weather_node_01,2026-07-20 21:50:40,6.67,982.05,62.94,9.08,350.8,1222.64,OK
315,jena_weather_node_01,2026-07-20 21:50:41,17.55,1004.73,39.85,9.1,237.0,1204.06,OK
316,jena_weather_node_01,2026-07-20 21:50:42,17.45,992.61,89.49,5.93,180.1,1189.94,OK
317,jena_weather_node_01,2026-07-20 21:50:43,3.25,963.75,80.34,9.81,52.3,1214.7,OK
318,jena_weather_node_01,2026-07-20 21:50:44,-0.78,1011.07,76.04,6.04,44.5,1293.2,OK
319,jena_weather_node_01,2026-07-20 21:50:45,-0.55,966.85,35.6,7.23,108.1,1235.59,OK
320,jena_weather_node_01,2026-07-20 21:50:46,20.56,963.31,35.35,9.38,290.7,1142.59,OK
321,jena_weather_node_01,2026-07-20 21:50:47,5.06,1009.58,74.64,1.33,104.2,1264.18,OK
322,jena_weather_node_01,2026-07-20 21:50:48,21.05,995.43,53.0,11.66,27.1,1178.72,OK
323,jena_weather_node_01,2026-07-20 21:50:49,17.11,1001.33,36.74,6.42,322.4,1201.8,OK
324,jena_weather_node_01,2026-07-20 21:50:50,-3.04,985.01,57.38,4.69,241.0,1270.41,OK
325,jena_weather_node_01,2026-07-20 21:50:51,28.44,1014.85,63.25,2.44,307.1,1172.27,OK
326,jena_weather_node_01,2026-07-20 21:50:52,-21.93,1009.89,54.72,24.51,226.7,1400.43,SEVERE_WEATHER
327,jena_weather_node_01,2026-07-20 21:50:53,7.63,1010.35,62.0,8.08,196.6,1253.57,OK
328,jena_weather_node_01,2026-07-20 21:50:54,23.66,997.17,73.18,11.06,320.1,1170.4,OK
329,jena_weather_node_01,2026-07-20 21:50:55,29.17,981.33,58.55,11.33,352.8,1130.81,OK
330,jena_weather_node_01,2026-07-20 21:50:56,27.24,985.49,95.7,3.93,61.5,1142.9,OK
331,jena_weather_node_01,2026-07-20 21:50:57,14.72,1005.91,76.22,7.31,345.8,1217.32,OK
332,jena_weather_node_01,2026-07-20 21:50:58,21.62,1003.61,63.66,1.87,330.6,1186.11,OK
333,jena_weather_node_01,2026-07-20 21:50:59,29.61,967.94,77.09,8.1,336.9,1113.76,OK
334,jena_weather_node_01,2026-07-20 21:51:00,28.73,978.55,53.43,12.31,333.8,1129.25,OK
335,jena_weather_node_01,2026-07-20 21:51:01,14.63,961.76,35.08,12.29,272.9,1164.26,OK
336,jena_weather_node_01,2026-07-20 21:51:02,20.25,996.64,57.65,7.22,273.4,1183.37,OK
337,jena_weather_node_01,2026-07-20 21:51:03,18.38,977.25,44.06,8.95,250.8,1167.79,OK
338,jena_weather_node_01,2026-07-20 21:51:04,-1.88,979.63,57.57,10.97,233.2,1258.06,OK
339,jena_weather_node_01,2026-07-20 21:51:05,-1.61,985.31,75.49,3.51,226.4,1264.1,OK
340,jena_weather_node_01,2026-07-20 21:51:06,1.08,1004.74,40.25,8.43,20.5,1276.38,OK
341,jena_weather_node_01,2026-07-20 21:51:07,-4.23,998.91,42.15,9.86,323.8,1294.03,OK
342,jena_weather_node_01,2026-07-20 21:51:08,27.4,987.37,74.07,9.91,52.5,1144.47,OK
343,jena_weather_node_01,2026-07-20 21:51:09,1.61,1008.88,63.62,12.12,292.9,1279.17,OK
344,jena_weather_node_01,2026-07-20 21:51:10,-4.78,1003.99,36.28,4.6,2.4,1303.28,OK
345,jena_weather_node_01,2026-07-20 21:51:11,29.17,966.24,97.62,8.69,202.3,1113.42,OK
346,jena_weather_node_01,2026-07-20 21:51:12,30.96,998.41,78.51,5.32,229.6,1143.72,OK
347,jena_weather_node_01,2026-07-20 21:51:13,13.4,1009.09,58.91,1.58,113.2,1226.79,OK
348,jena_weather_node_01,2026-07-20 21:51:14,3.41,968.73,60.74,1.59,275.9,1220.27,OK
349,jena_weather_node_01,2026-07-20 21:51:15,20.94,1012.75,94.88,1.41,166.6,1199.68,OK
350,jena_weather_node_01,2026-07-20 21:51:16,21.68,970.61,73.32,11.46,154.4,1146.87,OK
351,jena_weather_node_01,2026-07-20 21:51:17,-1.26,961.18,49.41,11.64,261.6,1231.56,OK
352,jena_weather_node_01,2026-07-20 21:51:18,17.84,981.79,36.67,8.42,200.7,1175.39,OK
353,jena_weather_node_01,2026-07-20 21:51:19,18.56,982.51,42.64,1.64,79.8,1173.35,OK
354,jena_weather_node_01,2026-07-20 21:51:20,12.98,963.27,67.59,2.13,254.0,1172.81,OK
355,jena_weather_node_01,2026-07-20 21:51:21,18.55,966.68,75.48,8.91,56.8,1154.49,OK
356,jena_weather_node_01,2026-07-20 21:51:22,6.8,999.02,84.63,2.47,34.7,1243.19,OK
357,jena_weather_node_01,2026-07-20 21:51:23,-2.84,980.56,85.21,3.95,182.2,1263.73,OK
358,jena_weather_node_01,2026-07-20 21:51:24,26.9,1006.48,56.35,6.9,289.2,1168.57,OK
359,jena_weather_node_01,2026-07-20 21:51:25,12.87,986.77,82.14,1.16,236.2,1201.88,OK
360,jena_weather_node_01,2026-07-20 21:51:26,20.13,976.25,84.59,7.1,75.4,1159.63,OK
361,jena_weather_node_01,2026-07-20 21:51:27,10.69,982.7,37.82,6.15,37.6,1206.12,OK
362,jena_weather_node_01,2026-07-20 21:51:28,11.78,997.88,90.15,3.74,251.6,1220.06,OK
363,jena_weather_node_01,2026-07-20 21:51:29,12.57,967.21,93.97,4.69,6.0,1179.3,OK
364,jena_weather_node_01,2026-07-20 21:51:30,4.82,972.56,79.75,10.52,5.4,1218.88,OK
365,jena_weather_node_01,2026-07-20 21:51:31,-20.99,1004.24,65.16,25.99,292.2,1387.41,SEVERE_WEATHER
366,jena_weather_node_01,2026-07-20 21:51:32,7.13,987.1,66.37,7.03,252.3,1226.91,OK
367,jena_weather_node_01,2026-07-20 21:51:33,8.31,967.55,70.14,1.87,327.7,1197.57,OK
368,jena_weather_node_01,2026-07-20 21:51:34,-2.76,972.96,65.65,1.44,315.7,1253.56,OK
369,jena_weather_node_01,2026-07-20 21:51:35,9.82,978.31,60.33,1.77,345.9,1204.42,OK
370,jena_weather_node_01,2026-07-20 21:51:36,3.08,989.32,68.57,8.7,245.3,1247.69,OK
371,jena_weather_node_01,2026-07-20 21:51:37,8.88,983.85,50.52,9.59,224.0,1215.28,OK
372,jena_weather_node_01,2026-07-20 21:51:38,-0.43,966.0,71.95,3.03,77.8,1233.96,OK
373,jena_weather_node_01,2026-07-20 21:51:39,31.2,995.14,86.8,6.33,79.0,1139.08,OK
374,jena_weather_node_01,2026-07-20 21:51:40,31.69,963.53,49.54,2.59,57.0,1101.12,OK
375,jena_weather_node_01,2026-07-20 21:51:41,15.83,987.75,89.73,0.62,189.4,1190.75,OK
376,jena_weather_node_01,2026-07-20 21:51:42,4.68,972.35,51.64,8.04,29.5,1219.23,OK
377,jena_weather_node_01,2026-07-20 21:51:44,31.17,1006.87,79.48,5.3,39.0,1152.62,OK
378,jena_weather_node_01,2026-07-20 21:51:45,7.62,994.38,43.1,10.3,297.0,1233.8,OK
379,jena_weather_node_01,2026-07-20 21:51:46,31.17,987.09,83.99,10.73,71.2,1129.97,OK
380,jena_weather_node_01,2026-07-20 21:51:47,-19.01,964.87,79.68,25.22,73.8,1322.63,SEVERE_WEATHER
381,jena_weather_node_01,2026-07-20 21:51:48,-3.19,981.36,73.27,8.27,123.9,1266.4,OK
382,jena_weather_node_01,2026-07-20 21:51:49,28.57,973.32,41.3,3.66,225.6,1123.81,OK
383,jena_weather_node_01,2026-07-20 21:51:50,14.42,973.7,65.48,6.0,48.5,1179.57,OK
384,jena_weather_node_01,2026-07-20 21:51:51,29.89,974.58,91.66,11.33,286.5,1120.37,OK
385,jena_weather_node_01,2026-07-20 21:51:52,18.52,992.44,69.99,7.12,230.2,1185.37,OK
386,jena_weather_node_01,2026-07-20 21:51:53,28.26,972.98,80.57,8.32,7.5,1124.58,OK
387,jena_weather_node_01,2026-07-20 21:51:54,13.69,1013.02,91.81,5.87,105.1,1230.33,OK
388,jena_weather_node_01,2026-07-20 21:51:55,3.64,1003.83,49.96,2.48,156.0,1263.43,OK
389,jena_weather_node_01,2026-07-20 21:51:56,23.69,973.53,81.26,11.7,38.8,1142.53,OK
390,jena_weather_node_01,2026-07-20 21:51:57,17.11,975.5,64.15,4.67,130.2,1170.8,OK
391,jena_weather_node_01,2026-07-20 21:51:58,31.66,1011.46,76.9,1.16,154.4,1156.01,OK
392,jena_weather_node_01,2026-07-20 21:51:59,20.01,969.91,35.38,6.1,47.3,1152.57,OK
393,jena_weather_node_01,2026-07-20 21:52:00,9.36,1013.1,41.33,9.68,78.2,1249.28,OK
394,jena_weather_node_01,2026-07-20 21:52:01,12.8,993.2,74.61,2.93,101.1,1210.01,OK
395,jena_weather_node_01,2026-07-20 21:52:02,23.1,990.2,60.37,9.88,68.1,1164.41,OK
396,jena_weather_node_01,2026-07-20 21:52:03,5.31,982.88,95.72,0.48,138.5,1229.65,OK
397,jena_weather_node_01,2026-07-20 21:52:04,24.1,993.78,67.61,0.29,88.7,1164.69,OK
398,jena_weather_node_01,2026-07-20 21:52:05,0.74,1009.79,64.27,9.64,18.4,1284.39,OK
399,jena_weather_node_01,2026-07-20 21:52:06,11.64,1005.49,56.09,3.61,112.7,1229.97,OK
400,jena_weather_node_01,2026-07-20 21:52:07,2.28,976.96,41.5,4.77,323.0,1235.69,OK
401,jena_weather_node_01,2026-07-20 21:52:08,11.2,968.2,38.57,8.53,251.8,1186.19,OK
402,jena_weather_node_01,2026-07-20 21:52:09,12.87,985.05,44.49,12.19,252.0,1199.79,OK
403,jena_weather_node_01,2026-07-20 21:52:10,16.81,968.63,52.13,0.31,305.8,1163.76,OK
404,jena_weather_node_01,2026-07-20 21:52:11,31.44,1004.8,88.18,7.28,28.9,1149.23,OK
405,jena_weather_node_01,2026-07-20 21:52:12,7.54,971.75,87.24,7.71,12.9,1206.06,OK
406,jena_weather_node_01,2026-07-20 21:52:13,-4.91,1008.81,90.29,2.52,327.3,1310.17,OK
407,jena_weather_node_01,2026-07-20 21:52:15,4.88,981.73,64.73,5.34,11.9,1230.11,OK
408,jena_weather_node_01,2026-07-20 21:52:16,9.32,963.97,88.21,8.9,116.2,1188.87,OK
409,jena_weather_node_01,2026-07-20 21:52:17,18.64,970.75,38.7,5.87,217.3,1158.99,OK
410,jena_weather_node_01,2026-07-20 21:52:18,14.42,1012.69,61.23,4.91,242.9,1226.8,OK
411,jena_weather_node_01,2026-07-20 21:52:19,7.99,1007.73,36.99,2.6,6.9,1248.72,OK
412,jena_weather_node_01,2026-07-20 21:52:20,31.64,1014.31,94.88,2.41,245.4,1159.34,OK
413,jena_weather_node_01,2026-07-20 21:52:21,13.03,986.16,85.21,8.54,61.5,1200.47,OK
414,jena_weather_node_01,2026-07-20 21:52:22,28.4,968.46,77.34,4.26,124.4,1118.83,OK
415,jena_weather_node_01,2026-07-20 21:52:23,8.15,985.02,65.56,4.14,106.9,1219.88,OK
416,jena_weather_node_01,2026-07-20 21:52:24,6.11,1002.14,38.03,5.86,156.7,1250.15,OK
417,jena_weather_node_01,2026-07-20 21:52:25,30.21,1000.78,84.8,4.98,120.2,1149.27,OK
418,jena_weather_node_01,2026-07-20 21:52:26,31.07,1003.4,95.59,3.7,128.8,1149.02,OK
419,jena_weather_node_01,2026-07-20 21:52:27,26.14,984.35,62.0,10.31,219.9,1145.78,OK
420,jena_weather_node_01,2026-07-20 21:52:28,25.31,967.16,84.8,5.91,181.8,1128.9,OK
421,jena_weather_node_01,2026-07-20 21:52:29,8.77,982.62,96.36,4.75,355.4,1214.23,OK
422,jena_weather_node_01,2026-07-20 21:52:30,10.85,978.76,77.76,7.1,94.4,1200.61,OK
423,jena_weather_node_01,2026-07-20 21:52:31,12.49,965.64,81.11,2.04,244.2,1177.71,OK
424,jena_weather_node_01,2026-07-20 21:52:32,17.13,1006.68,40.51,9.63,108.4,1208.14,OK
425,jena_weather_node_01,2026-07-20 21:52:33,-1.24,980.09,93.52,3.37,46.5,1255.69,OK
426,jena_weather_node_01,2026-07-20 21:52:34,-2.67,975.2,54.33,2.27,72.9,1256.03,OK
427,jena_weather_node_01,2026-07-20 21:52:35,17.58,998.05,96.63,7.25,310.1,1195.93,OK
428,jena_weather_node_01,2026-07-20 21:52:36,14.01,999.25,93.1,1.93,136.9,1212.25,OK
429,jena_weather_node_01,2026-07-20 21:52:37,12.56,1009.05,55.74,5.21,339.8,1230.35,OK
430,jena_weather_node_01,2026-07-20 21:52:38,-4.29,1007.46,90.14,4.29,343.4,1305.4,OK
431,jena_weather_node_01,2026-07-20 21:52:39,20.24,987.48,86.09,4.63,214.2,1172.53,OK
432,jena_weather_node_01,2026-07-20 21:52:40,16.42,1007.89,92.11,4.34,310.9,1212.56,OK
433,jena_weather_node_01,2026-07-20 21:52:41,7.92,969.75,37.0,12.2,50.3,1201.95,OK
434,jena_weather_node_01,2026-07-20 21:52:42,-4.8,1013.19,77.93,5.81,66.6,1315.32,OK
435,jena_weather_node_01,2026-07-20 21:52:43,4.93,979.39,92.95,4.01,127.8,1226.95,OK
436,jena_weather_node_01,2026-07-20 21:52:44,-1.71,999.15,84.76,4.44,156.3,1282.33,OK
437,jena_weather_node_01,2026-07-20 21:52:45,-19.19,1001.17,93.04,23.99,58.6,1373.36,SEVERE_WEATHER
438,jena_weather_node_01,2026-07-20 21:52:46,11.31,1003.17,52.76,6.77,319.9,1228.56,OK
439,jena_weather_node_01,2026-07-20 21:52:47,1.95,1011.32,77.56,9.16,7.6,1280.68,OK
440,jena_weather_node_01,2026-07-20 21:52:48,27.39,987.46,88.43,0.48,153.2,1144.62,OK
441,jena_weather_node_01,2026-07-20 21:52:49,6.71,997.17,39.9,1.6,312.0,1241.28,OK
442,jena_weather_node_01,2026-07-20 21:52:50,-4.31,992.93,84.94,6.23,173.6,1286.67,OK
443,jena_weather_node_01,2026-07-20 21:52:51,8.83,977.01,62.11,6.91,332.8,1207.04,OK
444,jena_weather_node_01,2026-07-20 21:52:52,19.09,985.23,81.54,1.18,277.1,1174.47,OK
445,jena_weather_node_01,2026-07-20 21:52:53,-1.74,961.74,56.45,6.95,16.0,1234.45,OK
446,jena_weather_node_01,2026-07-20 21:52:54,16.25,987.59,94.83,9.76,152.9,1188.83,OK
447,jena_weather_node_01,2026-07-20 21:52:55,31.43,978.24,75.64,2.57,111.4,1118.89,OK
448,jena_weather_node_01,2026-07-20 21:52:56,30.29,997.73,46.04,5.85,144.9,1145.47,OK
449,jena_weather_node_01,2026-07-20 21:52:57,13.94,988.32,49.12,6.16,137.7,1199.28,OK
450,jena_weather_node_01,2026-07-20 21:52:58,20.61,991.0,87.74,8.45,99.5,1175.23,OK
451,jena_weather_node_01,2026-07-20 21:52:59,10.23,960.89,38.02,6.37,0.6,1181.26,OK
452,jena_weather_node_01,2026-07-20 21:53:00,5.29,1006.5,48.82,8.34,214.7,1259.29,OK
453,jena_weather_node_01,2026-07-20 21:53:01,-18.34,1002.25,55.72,23.21,65.0,1370.26,SEVERE_WEATHER
454,jena_weather_node_01,2026-07-20 21:53:02,29.75,983.76,85.7,4.8,247.8,1131.44,OK
455,jena_weather_node_01,2026-07-20 21:53:03,-4.22,997.36,48.26,5.38,4.7,1291.98,OK
456,jena_weather_node_01,2026-07-20 21:53:04,-1.37,1010.73,44.19,4.83,45.9,1295.57,OK
457,jena_weather_node_01,2026-07-20 21:53:05,24.37,980.5,38.56,5.25,290.0,1148.08,OK
458,jena_weather_node_01,2026-07-20 21:53:06,9.97,977.61,62.64,2.63,173.9,1202.92,OK
